repeat,fold,k,max_depth,f1
1,1,3,None,0.7862407862407862
1,2,3,None,0.7821782178217822
1,3,3,None,0.7865707434052758
2,1,3,None,0.7980769230769231
2,2,3,None,0.7892156862745098
2,3,3,None,0.7860696517412935
3,1,3,None,0.8125
3,2,3,None,0.8277511961722488
3,3,3,None,0.7430025445292621
4,1,3,None,0.76
4,2,3,None,0.7912621359223301
4,3,3,None,0.8195121951219512
5,1,3,None,0.8344988344988346
5,2,3,None,0.7581047381546134
5,3,3,None,0.8108108108108109
6,1,3,None,0.7741935483870968
6,2,3,None,0.7772277227722773
6,3,3,None,0.819672131147541
7,1,3,None,0.8125
7,2,3,None,0.7531806615776081
7,3,3,None,0.7593052109181141
8,1,3,None,0.7630922693266833
8,2,3,None,0.7684478371501272
8,3,3,None,0.8188235294117647
9,1,3,None,0.7766990291262136
9,2,3,None,0.8019323671497585
9,3,3,None,0.8048780487804879
10,1,3,None,0.7525773195876289
10,2,3,None,0.8367816091954023
10,3,3,None,0.7990196078431373
1,1,5,None,0.824
1,2,5,None,0.757201646090535
1,3,5,None,0.7782426778242678
1,4,5,None,0.8171206225680934
1,5,5,None,0.7951807228915663
2,1,5,None,0.7717842323651453
2,2,5,None,0.8671875
2,3,5,None,0.8049792531120332
2,4,5,None,0.7773279352226721
2,5,5,None,0.8032128514056225
3,1,5,None,0.8313725490196079
3,2,5,None,0.8273092369477911
3,3,5,None,0.8130081300813008
3,4,5,None,0.7903225806451613
3,5,5,None,0.725
4,1,5,None,0.7350427350427351
4,2,5,None,0.7883817427385892
4,3,5,None,0.8404669260700389
4,4,5,None,0.8203125
4,5,5,None,0.7755102040816326
5,1,5,None,0.828125
5,2,5,None,0.7935222672064778
5,3,5,None,0.7854251012145749
5,4,5,None,0.796812749003984
5,5,5,None,0.84251968503937
6,1,5,None,0.774468085106383
6,2,5,None,0.7966804979253111
6,3,5,None,0.824
6,4,5,None,0.768
6,5,5,None,0.8404669260700389
7,1,5,None,0.824
7,2,5,None,0.8032786885245902
7,3,5,None,0.7741935483870968
7,4,5,None,0.8178137651821862
7,5,5,None,0.7673469387755102
8,1,5,None,0.7510548523206751
8,2,5,None,0.7935222672064778
8,3,5,None,0.8097165991902834
8,4,5,None,0.8346456692913385
8,5,5,None,0.7591836734693878
9,1,5,None,0.8081632653061225
9,2,5,None,0.7935222672064778
9,3,5,None,0.8
9,4,5,None,0.7918367346938775
9,5,5,None,0.7918367346938775
10,1,5,None,0.7435897435897436
10,2,5,None,0.7886178861788617
10,3,5,None,0.8492063492063492
10,4,5,None,0.782608695652174
10,5,5,None,0.7983870967741935
1,1,10,None,0.873015873015873
1,2,10,None,0.8130081300813008
1,3,10,None,0.7704918032786885
1,4,10,None,0.7563025210084033
1,5,10,None,0.828125
1,6,10,None,0.7586206896551724
1,7,10,None,0.8346456692913385
1,8,10,None,0.796875
1,9,10,None,0.8346456692913385
1,10,10,None,0.819672131147541
2,1,10,None,0.8444444444444444
2,2,10,None,0.7627118644067796
2,3,10,None,0.8253968253968254
2,4,10,None,0.8939393939393939
2,5,10,None,0.819672131147541
2,6,10,None,0.8064516129032258
2,7,10,None,0.7457627118644068
2,8,10,None,0.8
2,9,10,None,0.8292682926829268
2,10,10,None,0.78125
3,1,10,None,0.8188976377952756
3,2,10,None,0.8
3,3,10,None,0.7563025210084033
3,4,10,None,0.8615384615384616
3,5,10,None,0.8292682926829268
3,6,10,None,0.816
3,7,10,None,0.8125
3,8,10,None,0.75
3,9,10,None,0.7967479674796748
3,10,10,None,0.7226890756302521
4,1,10,None,0.7457627118644068
4,2,10,None,0.7768595041322314
4,3,10,None,0.8064516129032258
4,4,10,None,0.7868852459016393
4,5,10,None,0.8346456692913385
4,6,10,None,0.8095238095238095
4,7,10,None,0.8064516129032258
4,8,10,None,0.8503937007874016
4,9,10,None,0.8062015503875969
4,10,10,None,0.7967479674796748
5,1,10,None,0.8787878787878788
5,2,10,None,0.7936507936507936
5,3,10,None,0.8787878787878788
5,4,10,None,0.7899159663865546
5,5,10,None,0.7868852459016393
5,6,10,None,0.7642276422764228
5,7,10,None,0.7777777777777778
5,8,10,None,0.7288135593220338
5,9,10,None,0.7936507936507936
5,10,10,None,0.8548387096774194
6,1,10,None,0.7627118644067796
6,2,10,None,0.7758620689655172
6,3,10,None,0.8225806451612904
6,4,10,None,0.8548387096774194
6,5,10,None,0.8064516129032258
6,6,10,None,0.8217054263565892
6,7,10,None,0.7580645161290323
6,8,10,None,0.8
6,9,10,None,0.8307692307692308
6,10,10,None,0.8372093023255814
7,1,10,None,0.8455284552845529
7,2,10,None,0.8062015503875969
7,3,10,None,0.8571428571428571
7,4,10,None,0.7692307692307693
7,5,10,None,0.84375
7,6,10,None,0.7603305785123967
7,7,10,None,0.816
7,8,10,None,0.859375
7,9,10,None,0.7777777777777778
7,10,10,None,0.8032786885245902
8,1,10,None,0.8099173553719008
8,2,10,None,0.7903225806451613
8,3,10,None,0.7967479674796748
8,4,10,None,0.8682170542635659
8,5,10,None,0.8661417322834646
8,6,10,None,0.7521367521367521
8,7,10,None,0.8292682926829268
8,8,10,None,0.8695652173913043
8,9,10,None,0.7627118644067796
8,10,10,None,0.8346456692913385
9,1,10,None,0.7521367521367521
9,2,10,None,0.832
9,3,10,None,0.8064516129032258
9,4,10,None,0.8125
9,5,10,None,0.8548387096774194
9,6,10,None,0.7899159663865546
9,7,10,None,0.8064516129032258
9,8,10,None,0.8
9,9,10,None,0.7933884297520661
9,10,10,None,0.8244274809160306
10,1,10,None,0.7741935483870968
10,2,10,None,0.75
10,3,10,None,0.7868852459016393
10,4,10,None,0.859375
10,5,10,None,0.8346456692913385
10,6,10,None,0.8412698412698413
10,7,10,None,0.8467153284671532
10,8,10,None,0.7741935483870968
10,9,10,None,0.8
10,10,10,None,0.784
